INSERT INTO users(id, email, firstname, lastname, address, tlf, confirmationCode, confirmed) VALUES
(100, 'test1@example.com', 'Pluto', 'Hestesen', '', '', 'a', 1),
(101, 'test2@example.com', 'Micke', 'Mus', '', '', 'b', 1),
(102, 'test3@example.com', 'Donald', 'Duck', '', '', 'c', 1),
(103, 'test4@example.com', 'Langbein', 'Gromsemikkel', '', '', 'd', 1),
(104, 'test5@example.com', 'Obi-wan', 'Kenobi', '', '', 'e', 1),
(105, 'test6@example.com', 'Mista', 'Dobalina', '', '', 'f', 1),
(106, 'test7@example.com', 'Knegg', 'Fjøsnisse', '', '', 'g', 1),
(107, 'test8@example.com', 'Roflmao', 'Pimp', '', '', 'h', 1),
(108, 'test9@example.com', 'Was', 'Ismisnamen', '', '', 'i', 1);

INSERT INTO routeColors(id, name, color, description, sortIndex) VALUES
(2, 'Grønn', 'green', 'Lett', 20),
(3, 'Blå', 'blue', 'Litt mindre lett', 30),
(4, 'Gul', 'yellow', 'Klatra en stund', 40),
(5, 'Rød', 'red', 'Nesten hardt', 50),
(6, 'Svart', 'black', 'Hardt', 60),
(1, 'Hvit', 'white', 'Nådeløs', 70),
(7, 'Sølv', 'silver', 'Umulig', 80);

INSERT INTO grades(id, name, colorId, sortIndex) VALUES
(1, '3',   2, 0),
(2, '4',   2, 10),
(3, '5',   2, 20),
(4, '5+',  2, 30),
(5, '6A',  3, 40),
(6, '6A+', 3, 50),
(7, '6B',  4, 60),
(8, '6B+', 4, 70),
(9, '6C',  5, 80),
(10, '6C+', 5, 90),
(11, '7A',  6, 100),
(12, '7A+', 6, 110),
(13, '7B',  1, 120),
(14, '7B+', 1, 130),
(15, '7C',  7, 140),
(16, '7C+', 7, 150),
(17, '8A',  7, 160),
(18, '8A+', 7, 170),
(19, '8B',  7, 180),
(20, '8B+', 7, 190),
(21, '8C',  7, 200);

INSERT INTO cups(id, name, startsAt, endsAt, isCurrent) VALUES
(1, '2017/2018', '2017-09-01', '2018-04-01', 1),
(2, '2018/2019', '2018-09-01', '2019-04-01', 0);

INSERT INTO cupRounds(id, name, startsAt, endsAt, cupId) VALUES
(1, '1. Åpningscup', '2017-09-01 15:00:00', '2017-09-01 21:00:00', 1),
(2, '2. Høstferie', '2017-11-01 15:00:00', '2017-11-01 21:00:00', 1),
(3, '3. Julen slår til igjen', '2017-12-01 15:00:00', '2017-12-01 21:00:00', 1);

INSERT INTO cupRoutes(id, number, roundId, gradeId) VALUES
(1, 1, 1, 1),
(2, 2, 1, 1),
(3, 3, 1, 2),
(4, 4, 1, 2),
(5, 5, 1, 3),
(6, 6, 1, 3),
(7, 7, 1, 4),
(8, 8, 1, 4),
(9, 9, 1, 5),
(10, 10, 1, 6),
(11, 11, 1, 7),
(12, 12, 1, 8),
(13, 13, 1, 9),
(14, 14, 1, 9),
(15, 15, 1, 10),
(16, 16, 1, 10),
(17, 17, 1, 11),
(18, 18, 1, 11),
(19, 19, 1, 12),
(20, 20, 1, 12),
(21, 21, 1, 13),
(22, 22, 1, 14),
(23, 23, 1, 15),
(24, 24, 1, 16);

INSERT INTO cupTicks(userId, routeId) VALUES
(100, 1),
(100, 2),
(101, 1),
(101, 3),
(101, 4),
(102, 10),
(102, 11),
(103, 10),
(103, 11),
(103, 12),
(103, 13),
(103, 14),
(104, 11),
(104, 16),
(104, 17),
(105, 18),
(105, 19),
(105, 20),
(105, 21),
(105, 22),
(106, 19),
(106, 20),
(106, 21),
(107, 8),
(107, 9),
(107, 10),
(107, 11),
(108, 3),
(108, 4),
(108, 5),
(108, 6);